{
  "config": "{\"version\":\"5.43\",\"themeCollection\":{\"baseTheme\":{\"name\":\"CY23SU04\",\"version\":\"5.43\",\"type\":2}},\"activeSectionIndex\":0,\"defaultDrillFilterOtherVisuals\":true,\"slowDataSourceSettings\":{\"isCrossHighlightingDisabled\":false,\"isSlicerSelectionsButtonEnabled\":false,\"isFilterSelectionsButtonEnabled\":false,\"isFieldWellButtonEnabled\":false,\"isApplyAllButtonEnabled\":false},\"linguisticSchemaSyncVersion\":2,\"settings\":{\"useNewFilterPaneExperience\":true,\"allowChangeFilterTypes\":true,\"useStylableVisualContainerHeader\":true,\"exportDataMode\":1,\"useDefaultAggregateDisplayName\":true},\"objects\":{\"section\":[{\"properties\":{\"verticalAlignment\":{\"expr\":{\"Literal\":{\"Value\":\"'Top'\"}}}}}],\"outspacePane\":[{\"properties\":{\"expanded\":{\"expr\":{\"Literal\":{\"Value\":\"false\"}}}}}]}}",
  "layoutOptimization": 0,
  "pods": [
    {
      "boundSection": "ReportSection3d8f94a09efd85a9f27b",
      "config": "{}",
      "name": "Pod"
    }
  ],
  "resourcePackages": [
    {
      "resourcePackage": {
        "disabled": false,
        "items": [
          {
            "name": "CY23SU04",
            "path": "BaseThemes/CY23SU04.json",
            "type": 202
          }
        ],
        "name": "SharedResources",
        "type": 2
      }
    }
  ],
  "sections": [
    {
      "config": "{}",
      "displayName": "Deposits",
      "displayOption": 1,
      "filters": "[]",
      "height": 720.00,
      "name": "ReportSection14656a31bbec32620eea",
      "ordinal": 1,
      "visualContainers": [
        {
          "config": "{\"name\":\"11b403c3363744729b4b\",\"layouts\":[{\"id\":0,\"position\":{\"x\":0,\"y\":75.41734860883797,\"z\":0,\"width\":1056.8903436988544,\"height\":645.2373158756137,\"tabOrder\":1000}}],\"singleVisual\":{\"visualType\":\"lineStackedColumnComboChart\",\"projections\":{\"Y2\":[{\"queryRef\":\"Sum(Dep(view)-Deposits.Deposits)\"}],\"Series\":[{\"queryRef\":\"Dep(view)-Deposits.Subcategory\"}],\"Y\":[{\"queryRef\":\"Sum(Dep(view)-Deposits.Deposits)\"}],\"Category\":[{\"queryRef\":\"Dep(view)-Deposits.BudgetYYYYMM\",\"active\":true}]},\"prototypeQuery\":{\"Version\":2,\"From\":[{\"Name\":\"d\",\"Entity\":\"Dep(view)-Deposits\",\"Type\":0}],\"Select\":[{\"Aggregation\":{\"Expression\":{\"Column\":{\"Expression\":{\"SourceRef\":{\"Source\":\"d\"}},\"Property\":\"Deposits\"}},\"Function\":0},\"Name\":\"Sum(Dep(view)-Deposits.Deposits)\",\"NativeReferenceName\":\"Deposits\"},{\"Column\":{\"Expression\":{\"SourceRef\":{\"Source\":\"d\"}},\"Property\":\"Subcategory\"},\"Name\":\"Dep(view)-Deposits.Subcategory\",\"NativeReferenceName\":\"Subcategory\"},{\"Column\":{\"Expression\":{\"SourceRef\":{\"Source\":\"d\"}},\"Property\":\"BudgetYYYYMM\"},\"Name\":\"Dep(view)-Deposits.BudgetYYYYMM\",\"NativeReferenceName\":\"BudgetYYYYMM\"}],\"OrderBy\":[{\"Direction\":1,\"Expression\":{\"Column\":{\"Expression\":{\"SourceRef\":{\"Source\":\"d\"}},\"Property\":\"BudgetYYYYMM\"}}}]},\"drillFilterOtherVisuals\":true,\"objects\":{\"categoryAxis\":[{\"properties\":{\"axisType\":{\"expr\":{\"Literal\":{\"Value\":\"'Categorical'\"}}}}}]}}}",
          "filters": "[]",
          "height": 645.24,
          "width": 1056.89,
          "x": 0.00,
          "y": 75.42,
          "z": 0.00
        },
        {
          "config": "{\"name\":\"878c8c4ed8b925253184\",\"layouts\":[{\"id\":0,\"position\":{\"x\":0,\"y\":0,\"z\":1000,\"width\":437.8396072013093,\"height\":75.41734860883797,\"tabOrder\":2000}}],\"singleVisual\":{\"visualType\":\"slicer\",\"projections\":{\"Values\":[{\"queryRef\":\"Dep(view)-Deposits.AccountId\",\"active\":true}]},\"prototypeQuery\":{\"Version\":2,\"From\":[{\"Name\":\"d\",\"Entity\":\"Dep(view)-Deposits\",\"Type\":0}],\"Select\":[{\"Column\":{\"Expression\":{\"SourceRef\":{\"Source\":\"d\"}},\"Property\":\"AccountId\"},\"Name\":\"Dep(view)-Deposits.AccountId\",\"NativeReferenceName\":\"AccountId\"}]},\"drillFilterOtherVisuals\":true,\"objects\":{\"data\":[{\"properties\":{\"mode\":{\"expr\":{\"Literal\":{\"Value\":\"'Dropdown'\"}}}}}],\"general\":[{\"properties\":{\"filter\":{\"filter\":{\"Version\":2,\"From\":[{\"Name\":\"d\",\"Entity\":\"Dep(view)-Deposits\",\"Type\":0}],\"Where\":[{\"Condition\":{\"In\":{\"Expressions\":[{\"Column\":{\"Expression\":{\"SourceRef\":{\"Source\":\"d\"}},\"Property\":\"AccountId\"}}],\"Values\":[[{\"Literal\":{\"Value\":\"'DNB-HSLT-28927'\"}}]]}}}]}}}}],\"selection\":[{\"properties\":{\"strictSingleSelect\":{\"expr\":{\"Literal\":{\"Value\":\"true\"}}}}}]}}}",
          "filters": "[]",
          "height": 75.42,
          "width": 437.84,
          "x": 0.00,
          "y": 0.00,
          "z": 1000.00
        },
        {
          "config": "{\"name\":\"dd68a3350e26c1ea2502\",\"layouts\":[{\"id\":0,\"position\":{\"x\":1056.7164179104477,\"y\":270.44776119402985,\"z\":2000,\"width\":222.98507462686567,\"height\":449.55223880597015,\"tabOrder\":3000}}],\"singleVisual\":{\"visualType\":\"slicer\",\"projections\":{\"Values\":[{\"queryRef\":\"Dep(view)-Deposits.Subcategory\",\"active\":true}]},\"prototypeQuery\":{\"Version\":2,\"From\":[{\"Name\":\"d\",\"Entity\":\"Dep(view)-Deposits\",\"Type\":0}],\"Select\":[{\"Column\":{\"Expression\":{\"SourceRef\":{\"Source\":\"d\"}},\"Property\":\"Subcategory\"},\"Name\":\"Dep(view)-Deposits.Subcategory\",\"NativeReferenceName\":\"Subcategory\"}]},\"drillFilterOtherVisuals\":true,\"objects\":{\"data\":[{\"properties\":{\"mode\":{\"expr\":{\"Literal\":{\"Value\":\"'Basic'\"}}},\"isInvertedSelectionMode\":{\"expr\":{\"Literal\":{\"Value\":\"true\"}}}}}],\"general\":[{\"properties\":{}}],\"selection\":[{\"properties\":{\"selectAllCheckboxEnabled\":{\"expr\":{\"Literal\":{\"Value\":\"true\"}}}}}]}}}",
          "filters": "[]",
          "height": 449.55,
          "width": 222.99,
          "x": 1056.72,
          "y": 270.45,
          "z": 2000.00
        },
        {
          "config": "{\"name\":\"e6a77559be545edddd9a\",\"layouts\":[{\"id\":0,\"position\":{\"x\":1056.7164179104477,\"y\":75.22388059701493,\"z\":3000,\"width\":222.98507462686567,\"height\":195.22388059701493,\"tabOrder\":4000}}],\"singleVisual\":{\"visualType\":\"slicer\",\"projections\":{\"Values\":[{\"queryRef\":\"Trn(dim)-Dates.Year\",\"active\":true}]},\"prototypeQuery\":{\"Version\":2,\"From\":[{\"Name\":\"t\",\"Entity\":\"Trn(dim)-Dates\",\"Type\":0}],\"Select\":[{\"Column\":{\"Expression\":{\"SourceRef\":{\"Source\":\"t\"}},\"Property\":\"Year\"},\"Name\":\"Trn(dim)-Dates.Year\",\"NativeReferenceName\":\"Year\"}]},\"drillFilterOtherVisuals\":true,\"objects\":{\"data\":[{\"properties\":{\"mode\":{\"expr\":{\"Literal\":{\"Value\":\"'Basic'\"}}},\"isInvertedSelectionMode\":{\"expr\":{\"Literal\":{\"Value\":\"true\"}}}}}],\"general\":[{\"properties\":{}}],\"selection\":[{\"properties\":{\"selectAllCheckboxEnabled\":{\"expr\":{\"Literal\":{\"Value\":\"true\"}}}}}]}}}",
          "filters": "[{\"name\":\"Filterff3a7068a7572f736b4e\",\"expression\":{\"Column\":{\"Expression\":{\"SourceRef\":{\"Entity\":\"Trn(dim)-Dates\"}},\"Property\":\"Year\"}},\"filter\":{\"Version\":2,\"From\":[{\"Name\":\"t\",\"Entity\":\"Trn(dim)-Dates\",\"Type\":0}],\"Where\":[{\"Condition\":{\"In\":{\"Expressions\":[{\"Column\":{\"Expression\":{\"SourceRef\":{\"Source\":\"t\"}},\"Property\":\"Year\"}}],\"Values\":[[{\"Literal\":{\"Value\":\"'2022'\"}}],[{\"Literal\":{\"Value\":\"'2023'\"}}],[{\"Literal\":{\"Value\":\"'2024'\"}}]]}}}]},\"type\":\"Categorical\",\"howCreated\":0,\"objects\":{},\"isHiddenInViewMode\":false}]",
          "height": 195.22,
          "width": 222.99,
          "x": 1056.72,
          "y": 75.22,
          "z": 3000.00
        }
      ],
      "width": 1280.00
    },
    {
      "config": "{\"objects\":{\"outspacePane\":[{\"properties\":{\"width\":{\"expr\":{\"Literal\":{\"Value\":\"247L\"}}}}}]},\"filterSortOrder\":3}",
      "displayName": "Expenses monitor",
      "displayOption": 1,
      "filters": "[{\"name\":\"Filter1494c12a544fb49b14e4\",\"expression\":{\"Column\":{\"Expression\":{\"SourceRef\":{\"Entity\":\"Exp(dim)-Cat\"}},\"Property\":\"Description\"}},\"type\":\"Categorical\",\"howCreated\":1,\"objects\":{\"general\":[{\"properties\":{\"isInvertedSelectionMode\":{\"expr\":{\"Literal\":{\"Value\":\"true\"}}}}}]},\"ordinal\":0},{\"name\":\"Filter164376367db20c75bfff\",\"expression\":{\"Column\":{\"Expression\":{\"SourceRef\":{\"Entity\":\"Exp(view)-WithdrawalsBySubcat\"}},\"Property\":\"BudgetYYYYMM\"}},\"type\":\"Categorical\",\"howCreated\":1,\"objects\":{\"general\":[{\"properties\":{\"isInvertedSelectionMode\":{\"expr\":{\"Literal\":{\"Value\":\"true\"}}}}}]},\"ordinal\":1}]",
      "height": 720.00,
      "name": "ReportSection3d8f94a09efd85a9f27b",
      "visualContainers": [
        {
          "config": "{\"name\":\"1f80aded72c045480ac8\",\"layouts\":[{\"id\":0,\"position\":{\"x\":755.776397515528,\"y\":73.34161490683229,\"z\":2000,\"width\":524.1242236024844,\"height\":287.1055900621118}}],\"singleVisual\":{\"visualType\":\"gauge\",\"projections\":{\"TargetValue\":[{\"queryRef\":\"Sum(Exp-WithdrawalsBySubcat.BudgetAmount)\"}],\"Y\":[{\"queryRef\":\"Sum(Exp-WithdrawalsBySubcat.ExpensesAmount)\"}],\"MaxValue\":[{\"queryRef\":\"Sum(Dep-DepositsBySubcat.Amount)\"}]},\"prototypeQuery\":{\"Version\":2,\"From\":[{\"Name\":\"e\",\"Entity\":\"Exp(view)-WithdrawalsBySubcat\",\"Type\":0},{\"Name\":\"d\",\"Entity\":\"Dep(view)-DepositsBySubcat\",\"Type\":0}],\"Select\":[{\"Aggregation\":{\"Expression\":{\"Column\":{\"Expression\":{\"SourceRef\":{\"Source\":\"e\"}},\"Property\":\"ExpensesAmount\"}},\"Function\":0},\"Name\":\"Sum(Exp-WithdrawalsBySubcat.ExpensesAmount)\"},{\"Aggregation\":{\"Expression\":{\"Column\":{\"Expression\":{\"SourceRef\":{\"Source\":\"e\"}},\"Property\":\"BudgetAmount\"}},\"Function\":0},\"Name\":\"Sum(Exp-WithdrawalsBySubcat.BudgetAmount)\"},{\"Aggregation\":{\"Expression\":{\"Column\":{\"Expression\":{\"SourceRef\":{\"Source\":\"d\"}},\"Property\":\"Amount\"}},\"Function\":0},\"Name\":\"Sum(Dep-DepositsBySubcat.Amount)\"}],\"OrderBy\":[{\"Direction\":2,\"Expression\":{\"Aggregation\":{\"Expression\":{\"Column\":{\"Expression\":{\"SourceRef\":{\"Source\":\"e\"}},\"Property\":\"ExpensesAmount\"}},\"Function\":0}}}]},\"drillFilterOtherVisuals\":true,\"hasDefaultSort\":true,\"objects\":{}}}",
          "filters": "[]",
          "height": 287.11,
          "width": 524.12,
          "x": 755.78,
          "y": 73.34,
          "z": 2000.00
        },
        {
          "config": "{\"name\":\"36e5b9ccc788fe9034cf\",\"layouts\":[{\"id\":0,\"position\":{\"x\":248.9448818897638,\"y\":0,\"z\":1000,\"width\":209.63779527559055,\"height\":72.56692913385827}}],\"singleVisual\":{\"visualType\":\"slicer\",\"projections\":{\"Values\":[{\"queryRef\":\"Exp(view)-WithdrawalsBySubcat.BudgetYYYYMM\",\"active\":true}]},\"prototypeQuery\":{\"Version\":2,\"From\":[{\"Name\":\"e\",\"Entity\":\"Exp(view)-WithdrawalsBySubcat\",\"Type\":0}],\"Select\":[{\"Column\":{\"Expression\":{\"SourceRef\":{\"Source\":\"e\"}},\"Property\":\"BudgetYYYYMM\"},\"Name\":\"Exp(view)-WithdrawalsBySubcat.BudgetYYYYMM\",\"NativeReferenceName\":\"BudgetYYYYMM\"}]},\"syncGroup\":{\"groupName\":\"BudgetYYYYMM\",\"fieldChanges\":true,\"filterChanges\":true},\"drillFilterOtherVisuals\":true,\"objects\":{\"data\":[{\"properties\":{\"mode\":{\"expr\":{\"Literal\":{\"Value\":\"'Dropdown'\"}}}}}],\"general\":[{\"properties\":{\"filter\":{\"filter\":{\"Version\":2,\"From\":[{\"Name\":\"e\",\"Entity\":\"Exp(view)-WithdrawalsBySubcat\",\"Type\":0}],\"Where\":[{\"Condition\":{\"In\":{\"Expressions\":[{\"Column\":{\"Expression\":{\"SourceRef\":{\"Source\":\"e\"}},\"Property\":\"BudgetYYYYMM\"}}],\"Values\":[[{\"Literal\":{\"Value\":\"202310L\"}}]]}}}]}}}}],\"selection\":[{\"properties\":{\"strictSingleSelect\":{\"expr\":{\"Literal\":{\"Value\":\"true\"}}}}}],\"header\":[{\"properties\":{\"show\":{\"expr\":{\"Literal\":{\"Value\":\"false\"}}}}}]},\"vcObjects\":{\"title\":[{\"properties\":{\"show\":{\"expr\":{\"Literal\":{\"Value\":\"true\"}}},\"text\":{\"expr\":{\"Literal\":{\"Value\":\"'Budget period'\"}}}}}]}}}",
          "filters": "[]",
          "height": 72.57,
          "width": 209.64,
          "x": 248.94,
          "y": 0.00,
          "z": 1000.00
        },
        {
          "config": "{\"name\":\"47e27ee5fbf2334641ec\",\"layouts\":[{\"id\":0,\"position\":{\"x\":756.0873694207028,\"y\":380.47483380816715,\"z\":3000,\"width\":262.5641025641026,\"height\":153.16239316239316}}],\"singleVisual\":{\"visualType\":\"card\",\"projections\":{\"Values\":[{\"queryRef\":\"Exp-WithdrawalsBySubcat.LeftFromBudget\"}]},\"prototypeQuery\":{\"Version\":2,\"From\":[{\"Name\":\"e\",\"Entity\":\"Exp(view)-WithdrawalsBySubcat\",\"Type\":0}],\"Select\":[{\"Measure\":{\"Expression\":{\"SourceRef\":{\"Source\":\"e\"}},\"Property\":\"BudgetLeft\"},\"Name\":\"Exp-WithdrawalsBySubcat.LeftFromBudget\"}],\"OrderBy\":[{\"Direction\":2,\"Expression\":{\"Measure\":{\"Expression\":{\"SourceRef\":{\"Source\":\"e\"}},\"Property\":\"BudgetLeft\"}}}]},\"drillFilterOtherVisuals\":true,\"hasDefaultSort\":true,\"objects\":{\"categoryLabels\":[{\"properties\":{\"show\":{\"expr\":{\"Literal\":{\"Value\":\"false\"}}}}}]},\"vcObjects\":{\"title\":[{\"properties\":{\"show\":{\"expr\":{\"Literal\":{\"Value\":\"true\"}}},\"text\":{\"expr\":{\"Literal\":{\"Value\":\"'Left in budget'\"}}},\"alignment\":{\"expr\":{\"Literal\":{\"Value\":\"'center'\"}}}}}],\"divider\":[{\"properties\":{\"show\":{\"expr\":{\"Literal\":{\"Value\":\"false\"}}}}}],\"visualHeader\":[{\"properties\":{\"show\":{\"expr\":{\"Literal\":{\"Value\":\"true\"}}}}}]}}}",
          "filters": "[]",
          "height": 153.16,
          "width": 262.56,
          "x": 756.09,
          "y": 380.47,
          "z": 3000.00
        },
        {
          "config": "{\"name\":\"4e25e680f9d93b5a5ce0\",\"layouts\":[{\"id\":0,\"position\":{\"x\":756.9133858267717,\"y\":532.1574803149606,\"z\":5000,\"width\":262.0472440944882,\"height\":187.46456692913387}}],\"singleVisual\":{\"visualType\":\"card\",\"projections\":{\"Values\":[{\"queryRef\":\"Sum(Exp-WithdrawalsBySubcat.ExpensesAmount)\"}]},\"prototypeQuery\":{\"Version\":2,\"From\":[{\"Name\":\"e\",\"Entity\":\"Exp(view)-WithdrawalsBySubcat\",\"Type\":0}],\"Select\":[{\"Aggregation\":{\"Expression\":{\"Column\":{\"Expression\":{\"SourceRef\":{\"Source\":\"e\"}},\"Property\":\"ExpensesAmount\"}},\"Function\":0},\"Name\":\"Sum(Exp-WithdrawalsBySubcat.ExpensesAmount)\"}],\"OrderBy\":[{\"Direction\":2,\"Expression\":{\"Aggregation\":{\"Expression\":{\"Column\":{\"Expression\":{\"SourceRef\":{\"Source\":\"e\"}},\"Property\":\"ExpensesAmount\"}},\"Function\":0}}}]},\"drillFilterOtherVisuals\":true,\"hasDefaultSort\":true,\"objects\":{\"categoryLabels\":[{\"properties\":{\"show\":{\"expr\":{\"Literal\":{\"Value\":\"false\"}}}}}]},\"vcObjects\":{\"title\":[{\"properties\":{\"show\":{\"expr\":{\"Literal\":{\"Value\":\"true\"}}},\"text\":{\"expr\":{\"Literal\":{\"Value\":\"'Uncategorized'\"}}},\"alignment\":{\"expr\":{\"Literal\":{\"Value\":\"'center'\"}}}}}]}}}",
          "filters": "[{\"name\":\"Filtercfdae5abd8b7de12c1d4\",\"expression\":{\"Column\":{\"Expression\":{\"SourceRef\":{\"Entity\":\"Exp(view)-WithdrawalsBySubcat\"}},\"Property\":\"SubcategoryId\"}},\"filter\":{\"Version\":2,\"From\":[{\"Name\":\"e\",\"Entity\":\"Exp(view)-WithdrawalsBySubcat\",\"Type\":0}],\"Where\":[{\"Condition\":{\"In\":{\"Expressions\":[{\"Column\":{\"Expression\":{\"SourceRef\":{\"Source\":\"e\"}},\"Property\":\"SubcategoryId\"}}],\"Values\":[[{\"Literal\":{\"Value\":\"0L\"}}]]}}}]},\"type\":\"Categorical\",\"howCreated\":1,\"objects\":{\"general\":[{\"properties\":{}}]}}]",
          "height": 187.46,
          "width": 262.05,
          "x": 756.91,
          "y": 532.16,
          "z": 5000.00
        },
        {
          "config": "{\"name\":\"67706f8ab61b31f065cc\",\"layouts\":[{\"id\":0,\"position\":{\"x\":0,\"y\":0,\"z\":6000,\"width\":248.9448818897638,\"height\":72.56692913385827}}],\"singleVisual\":{\"visualType\":\"slicer\",\"projections\":{\"Values\":[{\"queryRef\":\"Exp-WithdrawalsBySubcat.AccountId\",\"active\":true}]},\"prototypeQuery\":{\"Version\":2,\"From\":[{\"Name\":\"e\",\"Entity\":\"Exp(view)-WithdrawalsBySubcat\",\"Type\":0}],\"Select\":[{\"Column\":{\"Expression\":{\"SourceRef\":{\"Source\":\"e\"}},\"Property\":\"AccountId\"},\"Name\":\"Exp-WithdrawalsBySubcat.AccountId\"}]},\"syncGroup\":{\"groupName\":\"AccountId\",\"fieldChanges\":true,\"filterChanges\":true},\"drillFilterOtherVisuals\":true,\"objects\":{\"data\":[{\"properties\":{\"mode\":{\"expr\":{\"Literal\":{\"Value\":\"'Dropdown'\"}}}}}],\"general\":[{\"properties\":{\"filter\":{\"filter\":{\"Version\":2,\"From\":[{\"Name\":\"e\",\"Entity\":\"Exp(view)-WithdrawalsBySubcat\",\"Type\":0}],\"Where\":[{\"Condition\":{\"In\":{\"Expressions\":[{\"Column\":{\"Expression\":{\"SourceRef\":{\"Source\":\"e\"}},\"Property\":\"AccountId\"}}],\"Values\":[[{\"Literal\":{\"Value\":\"'DNB-HSLT-28927'\"}}]]}}}]}}}}],\"selection\":[{\"properties\":{\"strictSingleSelect\":{\"expr\":{\"Literal\":{\"Value\":\"true\"}}},\"selectAllCheckboxEnabled\":{\"expr\":{\"Literal\":{\"Value\":\"true\"}}},\"singleSelect\":{\"expr\":{\"Literal\":{\"Value\":\"false\"}}}}}],\"header\":[{\"properties\":{\"show\":{\"expr\":{\"Literal\":{\"Value\":\"false\"}}}}}]},\"vcObjects\":{\"title\":[{\"properties\":{\"show\":{\"expr\":{\"Literal\":{\"Value\":\"true\"}}},\"text\":{\"expr\":{\"Literal\":{\"Value\":\"'Account'\"}}}}}]}}}",
          "filters": "[]",
          "height": 72.57,
          "width": 248.94,
          "x": 0.00,
          "y": 0.00,
          "z": 6000.00
        },
        {
          "config": "{\"name\":\"7b58a086e6c2eaca0617\",\"layouts\":[{\"id\":0,\"position\":{\"x\":1017.3967040840697,\"y\":531.9321710054932,\"z\":8000,\"width\":261.6861714831622,\"height\":188.31621686171485}}],\"singleVisual\":{\"visualType\":\"card\",\"projections\":{\"Values\":[{\"queryRef\":\"Sum(Exp-WithdrawalsBySubcat.ExpensesAmount)\"}]},\"prototypeQuery\":{\"Version\":2,\"From\":[{\"Name\":\"e\",\"Entity\":\"Exp(view)-WithdrawalsBySubcat\",\"Type\":0}],\"Select\":[{\"Aggregation\":{\"Expression\":{\"Column\":{\"Expression\":{\"SourceRef\":{\"Source\":\"e\"}},\"Property\":\"ExpensesAmount\"}},\"Function\":0},\"Name\":\"Sum(Exp-WithdrawalsBySubcat.ExpensesAmount)\"}],\"OrderBy\":[{\"Direction\":2,\"Expression\":{\"Aggregation\":{\"Expression\":{\"Column\":{\"Expression\":{\"SourceRef\":{\"Source\":\"e\"}},\"Property\":\"ExpensesAmount\"}},\"Function\":0}}}]},\"drillFilterOtherVisuals\":true,\"hasDefaultSort\":true,\"objects\":{\"categoryLabels\":[{\"properties\":{\"show\":{\"expr\":{\"Literal\":{\"Value\":\"false\"}}}}}]},\"vcObjects\":{\"title\":[{\"properties\":{\"show\":{\"expr\":{\"Literal\":{\"Value\":\"true\"}}},\"text\":{\"expr\":{\"Literal\":{\"Value\":\"'This is the title for my final demo'\"}}},\"alignment\":{\"expr\":{\"Literal\":{\"Value\":\"'center'\"}}}}}]}}}",
          "filters": "[{\"name\":\"Filtercfdae5abd8b7de12c1d4\",\"expression\":{\"Column\":{\"Expression\":{\"SourceRef\":{\"Entity\":\"Exp(view)-WithdrawalsBySubcat\"}},\"Property\":\"SubcategoryId\"}},\"filter\":{\"Version\":2,\"From\":[{\"Name\":\"e\",\"Entity\":\"Exp(view)-WithdrawalsBySubcat\",\"Type\":0}],\"Where\":[{\"Condition\":{\"In\":{\"Expressions\":[{\"Column\":{\"Expression\":{\"SourceRef\":{\"Source\":\"e\"}},\"Property\":\"SubcategoryId\"}}],\"Values\":[[{\"Literal\":{\"Value\":\"0L\"}}]]}}}]},\"type\":\"Categorical\",\"howCreated\":1,\"objects\":{\"general\":[{\"properties\":{}}]}}]",
          "height": 188.32,
          "width": 261.69,
          "x": 1017.40,
          "y": 531.93,
          "z": 8000.00
        },
        {
          "config": "{\"name\":\"7c11e84845992f2a9df9\",\"layouts\":[{\"id\":0,\"position\":{\"x\":1018.6514719848053,\"y\":380.47483380816715,\"z\":4000,\"width\":261.3485280151947,\"height\":153.16239316239316}}],\"singleVisual\":{\"visualType\":\"card\",\"projections\":{\"Values\":[{\"queryRef\":\"Exp-WithdrawalsBySubcat.BudgetSaved\"}]},\"prototypeQuery\":{\"Version\":2,\"From\":[{\"Name\":\"e\",\"Entity\":\"Exp(view)-WithdrawalsBySubcat\",\"Type\":0}],\"Select\":[{\"Measure\":{\"Expression\":{\"SourceRef\":{\"Source\":\"e\"}},\"Property\":\"BudgetSaved\"},\"Name\":\"Exp-WithdrawalsBySubcat.BudgetSaved\"}],\"OrderBy\":[{\"Direction\":2,\"Expression\":{\"Measure\":{\"Expression\":{\"SourceRef\":{\"Source\":\"e\"}},\"Property\":\"BudgetSaved\"}}}]},\"drillFilterOtherVisuals\":true,\"hasDefaultSort\":true,\"objects\":{\"categoryLabels\":[{\"properties\":{\"show\":{\"expr\":{\"Literal\":{\"Value\":\"false\"}}}}}]},\"vcObjects\":{\"title\":[{\"properties\":{\"show\":{\"expr\":{\"Literal\":{\"Value\":\"true\"}}},\"text\":{\"expr\":{\"Literal\":{\"Value\":\"'Expected savings'\"}}},\"alignment\":{\"expr\":{\"Literal\":{\"Value\":\"'center'\"}}}}}]}}}",
          "filters": "[]",
          "height": 153.16,
          "width": 261.35,
          "x": 1018.65,
          "y": 380.47,
          "z": 4000.00
        },
        {
          "config": "{\"name\":\"9694895c8a69102c4773\",\"layouts\":[{\"id\":0,\"position\":{\"x\":458.5826771653543,\"y\":0,\"z\":7000,\"width\":298.3307086614173,\"height\":72.56692913385827}}],\"singleVisual\":{\"visualType\":\"slicer\",\"projections\":{\"Values\":[{\"queryRef\":\"Trn(dim)-TransactionType.Description\",\"active\":true}]},\"prototypeQuery\":{\"Version\":2,\"From\":[{\"Name\":\"t\",\"Entity\":\"Trn(dim)-TransactionType\",\"Type\":0}],\"Select\":[{\"Column\":{\"Expression\":{\"SourceRef\":{\"Source\":\"t\"}},\"Property\":\"Description\"},\"Name\":\"Trn(dim)-TransactionType.Description\",\"NativeReferenceName\":\"Description\"}]},\"drillFilterOtherVisuals\":true,\"objects\":{\"data\":[{\"properties\":{\"mode\":{\"expr\":{\"Literal\":{\"Value\":\"'Dropdown'\"}}}}}],\"general\":[{\"properties\":{}}],\"selection\":[{\"properties\":{\"strictSingleSelect\":{\"expr\":{\"Literal\":{\"Value\":\"false\"}}},\"selectAllCheckboxEnabled\":{\"expr\":{\"Literal\":{\"Value\":\"true\"}}}}}],\"header\":[{\"properties\":{\"show\":{\"expr\":{\"Literal\":{\"Value\":\"false\"}}}}}]},\"vcObjects\":{\"title\":[{\"properties\":{\"show\":{\"expr\":{\"Literal\":{\"Value\":\"true\"}}},\"text\":{\"expr\":{\"Literal\":{\"Value\":\"'Budget period'\"}}}}}]}}}",
          "filters": "[]",
          "height": 72.57,
          "width": 298.33,
          "x": 458.58,
          "y": 0.00,
          "z": 7000.00
        },
        {
          "config": "{\"name\":\"9c29bd35da21228cd531\",\"layouts\":[{\"id\":0,\"position\":{\"x\":0,\"y\":72.93447293447294,\"z\":0,\"width\":757.3029439696106,\"height\":646.6856600189934}}],\"singleVisual\":{\"visualType\":\"hundredPercentStackedBarChart\",\"projections\":{\"Category\":[{\"queryRef\":\"Exp-Subcat.Description\",\"active\":true}],\"Y\":[{\"queryRef\":\"Exp-WithdrawalsBySubcat.Pending\"},{\"queryRef\":\"Sum(Exp-WithdrawalsBySubcat.ExpensesAmount)\"}]},\"prototypeQuery\":{\"Version\":2,\"From\":[{\"Name\":\"e\",\"Entity\":\"Exp(dim)-Subcat\",\"Type\":0},{\"Name\":\"e1\",\"Entity\":\"Exp(view)-WithdrawalsBySubcat\",\"Type\":0}],\"Select\":[{\"Column\":{\"Expression\":{\"SourceRef\":{\"Source\":\"e\"}},\"Property\":\"Description\"},\"Name\":\"Exp-Subcat.Description\"},{\"Aggregation\":{\"Expression\":{\"Column\":{\"Expression\":{\"SourceRef\":{\"Source\":\"e1\"}},\"Property\":\"ExpensesAmount\"}},\"Function\":0},\"Name\":\"Sum(Exp-WithdrawalsBySubcat.ExpensesAmount)\"},{\"Measure\":{\"Expression\":{\"SourceRef\":{\"Source\":\"e1\"}},\"Property\":\"BudgetLeft\"},\"Name\":\"Exp-WithdrawalsBySubcat.Pending\"}],\"OrderBy\":[{\"Direction\":2,\"Expression\":{\"Measure\":{\"Expression\":{\"SourceRef\":{\"Source\":\"e1\"}},\"Property\":\"BudgetLeft\"}}}]},\"drillFilterOtherVisuals\":true,\"filterSortOrder\":3}}",
          "filters": "[{\"name\":\"Filter543f6151c90a5294f2d3\",\"expression\":{\"Column\":{\"Expression\":{\"SourceRef\":{\"Entity\":\"Exp(dim)-Subcat\"}},\"Property\":\"Description\"}},\"filter\":{\"Version\":2,\"From\":[{\"Name\":\"e\",\"Entity\":\"Exp(dim)-Subcat\",\"Type\":0}],\"Where\":[{\"Condition\":{\"Not\":{\"Expression\":{\"In\":{\"Expressions\":[{\"Column\":{\"Expression\":{\"SourceRef\":{\"Source\":\"e\"}},\"Property\":\"Description\"}}],\"Values\":[[{\"Literal\":{\"Value\":\"'Not available'\"}}]]}}}}}]},\"type\":\"Categorical\",\"howCreated\":0,\"objects\":{\"general\":[{\"properties\":{\"isInvertedSelectionMode\":{\"expr\":{\"Literal\":{\"Value\":\"true\"}}}}}]},\"isHiddenInViewMode\":false}]",
          "height": 646.69,
          "width": 757.30,
          "x": 0.00,
          "y": 72.93,
          "z": 0.00
        }
      ],
      "width": 1280.00
    },
    {
      "config": "{\"objects\":{\"outspacePane\":[{\"properties\":{\"width\":{\"expr\":{\"Literal\":{\"Value\":\"334L\"}}}}}]}}",
      "displayName": "Distribution",
      "displayOption": 1,
      "filters": "[]",
      "height": 720.00,
      "name": "ReportSection76a96b1987ada6fcf913",
      "ordinal": 3,
      "visualContainers": [
        {
          "config": "{\"name\":\"12d39c6708deff2d6862\",\"layouts\":[{\"id\":0,\"position\":{\"x\":1099.7014925373135,\"y\":74.32835820895522,\"z\":2000,\"width\":180,\"height\":200.59701492537312,\"tabOrder\":2000}}],\"singleVisual\":{\"visualType\":\"slicer\",\"projections\":{\"Values\":[{\"queryRef\":\"Trn(dim)-Dates.Year\",\"active\":true}]},\"prototypeQuery\":{\"Version\":2,\"From\":[{\"Name\":\"t\",\"Entity\":\"Trn(dim)-Dates\",\"Type\":0}],\"Select\":[{\"Column\":{\"Expression\":{\"SourceRef\":{\"Source\":\"t\"}},\"Property\":\"Year\"},\"Name\":\"Trn(dim)-Dates.Year\",\"NativeReferenceName\":\"Year\"}]},\"drillFilterOtherVisuals\":true,\"objects\":{\"data\":[{\"properties\":{\"mode\":{\"expr\":{\"Literal\":{\"Value\":\"'Basic'\"}}}}}],\"general\":[{\"properties\":{\"filter\":{\"filter\":{\"Version\":2,\"From\":[{\"Name\":\"t\",\"Entity\":\"Trn(dim)-Dates\",\"Type\":0}],\"Where\":[{\"Condition\":{\"In\":{\"Expressions\":[{\"Column\":{\"Expression\":{\"SourceRef\":{\"Source\":\"t\"}},\"Property\":\"Year\"}}],\"Values\":[[{\"Literal\":{\"Value\":\"'2023'\"}}]]}}}]}}}}],\"selection\":[{\"properties\":{\"selectAllCheckboxEnabled\":{\"expr\":{\"Literal\":{\"Value\":\"true\"}}}}}]}}}",
          "filters": "[{\"name\":\"Filter952f37526a32dd7e8669\",\"expression\":{\"Column\":{\"Expression\":{\"SourceRef\":{\"Entity\":\"Trn(dim)-Dates\"}},\"Property\":\"Year\"}},\"filter\":{\"Version\":2,\"From\":[{\"Name\":\"t\",\"Entity\":\"Trn(dim)-Dates\",\"Type\":0}],\"Where\":[{\"Condition\":{\"In\":{\"Expressions\":[{\"Column\":{\"Expression\":{\"SourceRef\":{\"Source\":\"t\"}},\"Property\":\"Year\"}}],\"Values\":[[{\"Literal\":{\"Value\":\"'2023'\"}}],[{\"Literal\":{\"Value\":\"'2024'\"}}],[{\"Literal\":{\"Value\":\"'2022'\"}}]]}}}]},\"type\":\"Categorical\",\"howCreated\":0,\"objects\":{\"general\":[{\"properties\":{}}]},\"isHiddenInViewMode\":false}]",
          "height": 200.60,
          "width": 180.00,
          "x": 1099.70,
          "y": 74.33,
          "z": 2000.00
        },
        {
          "config": "{\"name\":\"639f9f461401d0e05c27\",\"layouts\":[{\"id\":0,\"position\":{\"x\":0,\"y\":0,\"z\":3000,\"width\":388.1874447391689,\"height\":74.6949602122016,\"tabOrder\":3000}}],\"singleVisual\":{\"visualType\":\"slicer\",\"projections\":{\"Values\":[{\"queryRef\":\"Exp(view)-Withdrawals.AccountId\",\"active\":true}]},\"prototypeQuery\":{\"Version\":2,\"From\":[{\"Name\":\"e\",\"Entity\":\"Exp(view)-Withdrawals\",\"Type\":0}],\"Select\":[{\"Column\":{\"Expression\":{\"SourceRef\":{\"Source\":\"e\"}},\"Property\":\"AccountId\"},\"Name\":\"Exp(view)-Withdrawals.AccountId\",\"NativeReferenceName\":\"AccountId\"}]},\"drillFilterOtherVisuals\":true,\"objects\":{\"data\":[{\"properties\":{\"mode\":{\"expr\":{\"Literal\":{\"Value\":\"'Dropdown'\"}}}}}],\"selection\":[{\"properties\":{\"strictSingleSelect\":{\"expr\":{\"Literal\":{\"Value\":\"true\"}}}}}],\"general\":[{\"properties\":{\"filter\":{\"filter\":{\"Version\":2,\"From\":[{\"Name\":\"e\",\"Entity\":\"Exp(view)-Withdrawals\",\"Type\":0}],\"Where\":[{\"Condition\":{\"In\":{\"Expressions\":[{\"Column\":{\"Expression\":{\"SourceRef\":{\"Source\":\"e\"}},\"Property\":\"AccountId\"}}],\"Values\":[[{\"Literal\":{\"Value\":\"'DNB-HSLT-28927'\"}}]]}}}]}}}}]}}}",
          "filters": "[]",
          "height": 74.69,
          "width": 388.19,
          "x": 0.00,
          "y": 0.00,
          "z": 3000.00
        },
        {
          "config": "{\"name\":\"8b7d85a2fe9afa2f1ab7\",\"layouts\":[{\"id\":0,\"position\":{\"x\":10.185676392572946,\"y\":74.6949602122016,\"z\":0,\"width\":1089.867374005305,\"height\":646.2245800176835,\"tabOrder\":0}}],\"singleVisual\":{\"visualType\":\"treemap\",\"projections\":{\"Values\":[{\"queryRef\":\"Sum(Exp(view)-Withdrawals.Withdrawals)\"}],\"Group\":[{\"queryRef\":\"Exp(view)-Withdrawals.Subcategory\",\"active\":true}]},\"prototypeQuery\":{\"Version\":2,\"From\":[{\"Name\":\"e\",\"Entity\":\"Exp(view)-Withdrawals\",\"Type\":0}],\"Select\":[{\"Aggregation\":{\"Expression\":{\"Column\":{\"Expression\":{\"SourceRef\":{\"Source\":\"e\"}},\"Property\":\"Withdrawals\"}},\"Function\":0},\"Name\":\"Sum(Exp(view)-Withdrawals.Withdrawals)\",\"NativeReferenceName\":\"Sum of Withdrawals\"},{\"Column\":{\"Expression\":{\"SourceRef\":{\"Source\":\"e\"}},\"Property\":\"Subcategory\"},\"Name\":\"Exp(view)-Withdrawals.Subcategory\",\"NativeReferenceName\":\"Subcategory\"}]},\"drillFilterOtherVisuals\":true,\"objects\":{}}}",
          "filters": "[]",
          "height": 646.22,
          "width": 1089.87,
          "x": 10.19,
          "y": 74.69,
          "z": 0.00
        },
        {
          "config": "{\"name\":\"b904be11e9c04a4f73a5\",\"layouts\":[{\"id\":0,\"position\":{\"x\":1099.7014925373135,\"y\":274.92537313432837,\"z\":1000,\"width\":180,\"height\":151.34328358208955,\"tabOrder\":1000}}],\"singleVisual\":{\"visualType\":\"slicer\",\"projections\":{\"Values\":[{\"queryRef\":\"Exp(view)-Withdrawals.TransactionType\",\"active\":true}]},\"prototypeQuery\":{\"Version\":2,\"From\":[{\"Name\":\"e\",\"Entity\":\"Exp(view)-Withdrawals\",\"Type\":0}],\"Select\":[{\"Column\":{\"Expression\":{\"SourceRef\":{\"Source\":\"e\"}},\"Property\":\"TransactionType\"},\"Name\":\"Exp(view)-Withdrawals.TransactionType\",\"NativeReferenceName\":\"TransactionType\"}]},\"drillFilterOtherVisuals\":true,\"objects\":{\"data\":[{\"properties\":{\"mode\":{\"expr\":{\"Literal\":{\"Value\":\"'Basic'\"}}}}}],\"general\":[{\"properties\":{\"filter\":{\"filter\":{\"Version\":2,\"From\":[{\"Name\":\"e\",\"Entity\":\"Exp(view)-Withdrawals\",\"Type\":0}],\"Where\":[{\"Condition\":{\"In\":{\"Expressions\":[{\"Column\":{\"Expression\":{\"SourceRef\":{\"Source\":\"e\"}},\"Property\":\"TransactionType\"}}],\"Values\":[[{\"Literal\":{\"Value\":\"'Variable'\"}}]]}}}]}}}}],\"selection\":[{\"properties\":{\"strictSingleSelect\":{\"expr\":{\"Literal\":{\"Value\":\"true\"}}}}}]}}}",
          "filters": "[]",
          "height": 151.34,
          "width": 180.00,
          "x": 1099.70,
          "y": 274.93,
          "z": 1000.00
        }
      ],
      "width": 1280.00
    },
    {
      "config": "{\"objects\":{\"outspacePane\":[{\"properties\":{\"width\":{\"expr\":{\"Literal\":{\"Value\":\"182L\"}}}}}]}}",
      "displayName": "Withdrawls",
      "displayOption": 1,
      "filters": "[]",
      "height": 720.00,
      "name": "ReportSectionf58dafd27b7ef1b58d8a",
      "ordinal": 2,
      "visualContainers": [
        {
          "config": "{\"name\":\"6167215bbce397ed759b\",\"layouts\":[{\"id\":0,\"position\":{\"x\":1056.3794466403162,\"y\":235.76284584980237,\"z\":4000,\"width\":223.62055335968378,\"height\":154.81422924901185,\"tabOrder\":4000}}],\"singleVisual\":{\"visualType\":\"slicer\",\"projections\":{\"Values\":[{\"queryRef\":\"Exp(view)-Withdrawals.TransactionType\",\"active\":true}]},\"prototypeQuery\":{\"Version\":2,\"From\":[{\"Name\":\"e\",\"Entity\":\"Exp(view)-Withdrawals\",\"Type\":0}],\"Select\":[{\"Column\":{\"Expression\":{\"SourceRef\":{\"Source\":\"e\"}},\"Property\":\"TransactionType\"},\"Name\":\"Exp(view)-Withdrawals.TransactionType\",\"NativeReferenceName\":\"TransactionType\"}]},\"drillFilterOtherVisuals\":true,\"objects\":{\"data\":[{\"properties\":{\"mode\":{\"expr\":{\"Literal\":{\"Value\":\"'Basic'\"}}},\"isInvertedSelectionMode\":{\"expr\":{\"Literal\":{\"Value\":\"true\"}}}}}],\"general\":[{\"properties\":{\"filter\":{\"filter\":{\"Version\":2,\"From\":[{\"Name\":\"e\",\"Entity\":\"Exp(view)-Withdrawals\",\"Type\":0}],\"Where\":[{\"Condition\":{\"Not\":{\"Expression\":{\"In\":{\"Expressions\":[{\"Column\":{\"Expression\":{\"SourceRef\":{\"Source\":\"e\"}},\"Property\":\"TransactionType\"}}],\"Values\":[[{\"Literal\":{\"Value\":\"'Not available'\"}}],[{\"Literal\":{\"Value\":\"'Fixed'\"}}]]}}}}}]}}}}],\"selection\":[{\"properties\":{\"selectAllCheckboxEnabled\":{\"expr\":{\"Literal\":{\"Value\":\"false\"}}}}}]}}}",
          "filters": "[]",
          "height": 154.81,
          "width": 223.62,
          "x": 1056.38,
          "y": 235.76,
          "z": 4000.00
        },
        {
          "config": "{\"name\":\"8f526f269fcc8c9ea5bf\",\"layouts\":[{\"id\":0,\"position\":{\"x\":1056.3794466403162,\"y\":390.57707509881425,\"z\":2000,\"width\":223.62055335968378,\"height\":329.8656126482214,\"tabOrder\":2000}}],\"singleVisual\":{\"visualType\":\"slicer\",\"projections\":{\"Values\":[{\"queryRef\":\"Exp(view)-Withdrawals.Subcategory\",\"active\":true}]},\"prototypeQuery\":{\"Version\":2,\"From\":[{\"Name\":\"e\",\"Entity\":\"Exp(view)-Withdrawals\",\"Type\":0}],\"Select\":[{\"Column\":{\"Expression\":{\"SourceRef\":{\"Source\":\"e\"}},\"Property\":\"Subcategory\"},\"Name\":\"Exp(view)-Withdrawals.Subcategory\",\"NativeReferenceName\":\"Subcategory\"}]},\"drillFilterOtherVisuals\":true,\"objects\":{\"data\":[{\"properties\":{\"mode\":{\"expr\":{\"Literal\":{\"Value\":\"'Basic'\"}}}}}],\"general\":[{\"properties\":{\"filter\":{\"filter\":{\"Version\":2,\"From\":[{\"Name\":\"e\",\"Entity\":\"Exp(view)-Withdrawals\",\"Type\":0}],\"Where\":[{\"Condition\":{\"In\":{\"Expressions\":[{\"Column\":{\"Expression\":{\"SourceRef\":{\"Source\":\"e\"}},\"Property\":\"Subcategory\"}}],\"Values\":[[{\"Literal\":{\"Value\":\"'Various expenses'\"}}]]}}}]}}}}],\"selection\":[{\"properties\":{\"selectAllCheckboxEnabled\":{\"expr\":{\"Literal\":{\"Value\":\"true\"}}}}}]}}}",
          "filters": "[]",
          "height": 329.87,
          "width": 223.62,
          "x": 1056.38,
          "y": 390.58,
          "z": 2000.00
        },
        {
          "config": "{\"name\":\"9ced115c7e53cd7dd1cb\",\"layouts\":[{\"id\":0,\"position\":{\"x\":0,\"y\":75.41734860883797,\"z\":0,\"width\":1056.8903436988544,\"height\":645.2373158756137,\"tabOrder\":0}}],\"singleVisual\":{\"visualType\":\"lineStackedColumnComboChart\",\"projections\":{\"Y\":[{\"queryRef\":\"Sum(Exp(view)-Withdrawals.Withdrawals)\"}],\"Y2\":[{\"queryRef\":\"Sum(Exp(view)-Withdrawals.Withdrawals)\"}],\"Category\":[{\"queryRef\":\"Exp(view)-Withdrawals.BudgetYYYYMM\",\"active\":true}],\"Series\":[{\"queryRef\":\"Exp(view)-Withdrawals.Subcategory\"}]},\"prototypeQuery\":{\"Version\":2,\"From\":[{\"Name\":\"e\",\"Entity\":\"Exp(view)-Withdrawals\",\"Type\":0}],\"Select\":[{\"Column\":{\"Expression\":{\"SourceRef\":{\"Source\":\"e\"}},\"Property\":\"BudgetYYYYMM\"},\"Name\":\"Exp(view)-Withdrawals.BudgetYYYYMM\",\"NativeReferenceName\":\"BudgetYYYYMM\"},{\"Column\":{\"Expression\":{\"SourceRef\":{\"Source\":\"e\"}},\"Property\":\"Subcategory\"},\"Name\":\"Exp(view)-Withdrawals.Subcategory\",\"NativeReferenceName\":\"Subcategory\"},{\"Aggregation\":{\"Expression\":{\"Column\":{\"Expression\":{\"SourceRef\":{\"Source\":\"e\"}},\"Property\":\"Withdrawals\"}},\"Function\":0},\"Name\":\"Sum(Exp(view)-Withdrawals.Withdrawals)\",\"NativeReferenceName\":\"Sum of Withdrawals1\"}],\"OrderBy\":[{\"Direction\":1,\"Expression\":{\"Column\":{\"Expression\":{\"SourceRef\":{\"Source\":\"e\"}},\"Property\":\"BudgetYYYYMM\"}}}]},\"drillFilterOtherVisuals\":true,\"objects\":{\"categoryAxis\":[{\"properties\":{\"axisType\":{\"expr\":{\"Literal\":{\"Value\":\"'Categorical'\"}}}}}]}}}",
          "filters": "[]",
          "height": 645.24,
          "width": 1056.89,
          "x": 0.00,
          "y": 75.42,
          "z": 0.00
        },
        {
          "config": "{\"name\":\"9d4ba0f7dba84ab9e282\",\"layouts\":[{\"id\":0,\"position\":{\"x\":1056.3794466403162,\"y\":74.87747035573122,\"z\":3000,\"width\":223.62055335968378,\"height\":160.88537549407116,\"tabOrder\":3000}}],\"singleVisual\":{\"visualType\":\"slicer\",\"projections\":{\"Values\":[{\"queryRef\":\"Trn(dim)-Dates.Year\",\"active\":true}]},\"prototypeQuery\":{\"Version\":2,\"From\":[{\"Name\":\"t\",\"Entity\":\"Trn(dim)-Dates\",\"Type\":0}],\"Select\":[{\"Column\":{\"Expression\":{\"SourceRef\":{\"Source\":\"t\"}},\"Property\":\"Year\"},\"Name\":\"Trn(dim)-Dates.Year\",\"NativeReferenceName\":\"Year\"}]},\"drillFilterOtherVisuals\":true,\"objects\":{\"data\":[{\"properties\":{\"mode\":{\"expr\":{\"Literal\":{\"Value\":\"'Basic'\"}}},\"isInvertedSelectionMode\":{\"expr\":{\"Literal\":{\"Value\":\"true\"}}}}}],\"general\":[{\"properties\":{\"filter\":{\"filter\":{\"Version\":2,\"From\":[{\"Name\":\"t\",\"Entity\":\"Trn(dim)-Dates\",\"Type\":0}],\"Where\":[{\"Condition\":{\"Not\":{\"Expression\":{\"In\":{\"Expressions\":[{\"Column\":{\"Expression\":{\"SourceRef\":{\"Source\":\"t\"}},\"Property\":\"Year\"}}],\"Values\":[[{\"Literal\":{\"Value\":\"'2024'\"}}]]}}}}}]}}}}],\"selection\":[{\"properties\":{\"selectAllCheckboxEnabled\":{\"expr\":{\"Literal\":{\"Value\":\"true\"}}}}}]}}}",
          "filters": "[{\"name\":\"Filterff3a7068a7572f736b4e\",\"expression\":{\"Column\":{\"Expression\":{\"SourceRef\":{\"Entity\":\"Trn(dim)-Dates\"}},\"Property\":\"Year\"}},\"filter\":{\"Version\":2,\"From\":[{\"Name\":\"t\",\"Entity\":\"Trn(dim)-Dates\",\"Type\":0}],\"Where\":[{\"Condition\":{\"In\":{\"Expressions\":[{\"Column\":{\"Expression\":{\"SourceRef\":{\"Source\":\"t\"}},\"Property\":\"Year\"}}],\"Values\":[[{\"Literal\":{\"Value\":\"'2022'\"}}],[{\"Literal\":{\"Value\":\"'2023'\"}}],[{\"Literal\":{\"Value\":\"'2024'\"}}]]}}}]},\"type\":\"Categorical\",\"howCreated\":0,\"objects\":{},\"isHiddenInViewMode\":false}]",
          "height": 160.89,
          "width": 223.62,
          "x": 1056.38,
          "y": 74.88,
          "z": 3000.00
        },
        {
          "config": "{\"name\":\"a47d845ad632aa097f5b\",\"layouts\":[{\"id\":0,\"position\":{\"x\":0,\"y\":0,\"z\":1000,\"width\":508.30675778283984,\"height\":65.11769172361429,\"tabOrder\":1000}}],\"singleVisual\":{\"visualType\":\"slicer\",\"projections\":{\"Values\":[{\"queryRef\":\"Exp(view)-WithdrawalsBySubcat.AccountId\",\"active\":true}]},\"prototypeQuery\":{\"Version\":2,\"From\":[{\"Name\":\"e\",\"Entity\":\"Exp(view)-WithdrawalsBySubcat\",\"Type\":0}],\"Select\":[{\"Column\":{\"Expression\":{\"SourceRef\":{\"Source\":\"e\"}},\"Property\":\"AccountId\"},\"Name\":\"Exp(view)-WithdrawalsBySubcat.AccountId\",\"NativeReferenceName\":\"AccountId\"}]},\"drillFilterOtherVisuals\":true,\"objects\":{\"data\":[{\"properties\":{\"mode\":{\"expr\":{\"Literal\":{\"Value\":\"'Dropdown'\"}}}}}],\"general\":[{\"properties\":{\"filter\":{\"filter\":{\"Version\":2,\"From\":[{\"Name\":\"e\",\"Entity\":\"Exp(view)-WithdrawalsBySubcat\",\"Type\":0}],\"Where\":[{\"Condition\":{\"In\":{\"Expressions\":[{\"Column\":{\"Expression\":{\"SourceRef\":{\"Source\":\"e\"}},\"Property\":\"AccountId\"}}],\"Values\":[[{\"Literal\":{\"Value\":\"'DNB-HSLT-28927'\"}}]]}}}]}}}}],\"selection\":[{\"properties\":{\"strictSingleSelect\":{\"expr\":{\"Literal\":{\"Value\":\"true\"}}}}}]}}}",
          "filters": "[]",
          "height": 65.12,
          "width": 508.31,
          "x": 0.00,
          "y": 0.00,
          "z": 1000.00
        }
      ],
      "width": 1280.00
    }
  ]
}