{
  "version": "1.1.0",
  "diagrams": [
    {
      "ordinal": 0,
      "scrollPosition": {
        "x": 0,
        "y": 0
      },
      "nodes": [
        {
          "location": {
            "x": 1196.0672816772649,
            "y": 470.51389450419083
          },
          "nodeIndex": "Dep(view)-Deposits",
          "nodeLineageTag": "020a2020-0588-4be3-ba65-195ab8584089",
          "size": {
            "height": 300,
            "width": 234
          },
          "zIndex": 0
        },
        {
          "location": {
            "x": 758.05611375858723,
            "y": 148.51148751832761
          },
          "nodeIndex": "Dep(view)-DepositsBySubcat",
          "nodeLineageTag": "86c785a4-6fd8-4529-9389-9eead0a55032",
          "size": {
            "height": 224,
            "width": 234
          },
          "zIndex": 0
        },
        {
          "location": {
            "x": 43.496315996121893,
            "y": 806.174896711804
          },
          "nodeIndex": "Exp(dim)-Cat",
          "nodeLineageTag": "8a93dede-43e7-43d1-9164-b451ec1cea43",
          "size": {
            "height": 152,
            "width": 234
          },
          "zIndex": 0
        },
        {
          "location": {
            "x": 336.21236168839391,
            "y": 345.32862874873052
          },
          "nodeIndex": "Exp(dim)-Subcat",
          "nodeLineageTag": "c7798468-38b8-4911-814d-1dc579218825",
          "size": {
            "height": 200,
            "width": 234
          },
          "zIndex": 0
        },
        {
          "location": {
            "x": 10,
            "y": 337.90718290830637
          },
          "nodeIndex": "Exp(dim)-Type",
          "nodeLineageTag": "ce55b0b2-8c9e-4ce6-bcc7-4b289ed4f738",
          "size": {
            "height": 128,
            "width": 234
          },
          "zIndex": 0
        },
        {
          "location": {
            "x": 621.41047058995241,
            "y": 465.23908488713147
          },
          "nodeIndex": "Exp(view)-Withdrawals",
          "nodeLineageTag": "c3f89ef0-bd45-4bfd-b281-0cb3e21cac25",
          "size": {
            "height": 300,
            "width": 234
          },
          "zIndex": 0
        },
        {
          "location": {
            "x": 303.10088081763911,
            "y": -10
          },
          "nodeIndex": "Exp(view)-WithdrawalsBySubcat",
          "nodeLineageTag": "e46d4311-5030-4eb3-ae1e-bb9515c11b80",
          "size": {
            "height": 296,
            "width": 234
          },
          "zIndex": 0
        },
        {
          "location": {
            "x": 909.300856221501,
            "y": 428.56126362452022
          },
          "nodeIndex": "Trn(dim)-Dates",
          "nodeLineageTag": "a029e4f3-2d86-4f4f-a1a1-2a20850deed1",
          "size": {
            "height": 300,
            "width": 234
          },
          "zIndex": 0
        },
        {
          "location": {
            "x": 335.77339495445074,
            "y": 806.65709854211048
          },
          "nodeIndex": "Trn(dim)-TransactionType",
          "nodeLineageTag": "40baac8b-632d-48ea-9aae-8b846ae0e2ea",
          "size": {
            "height": 128,
            "width": 234
          },
          "zIndex": 0
        }
      ],
      "name": "All tables",
      "zoomValue": 100,
      "pinKeyFieldsToTop": false,
      "showExtraHeaderInfo": false,
      "hideKeyFieldsWhenCollapsed": false,
      "tablesLocked": false
    }
  ],
  "selectedDiagram": "All tables",
  "defaultDiagram": "All tables"
}